date,open,high,low,close,volume
2020-10-21 09:00:00,11.138,11.138,10.797,10.797,252716.3
2020-10-22 09:00:00,10.797,12.4,10.712,11.951,250340.7
2020-10-23 09:00:00,11.951,12.269,11.585,12.151,379200.1
2020-10-24 09:00:00,12.151,12.946,11.99,12.69,384759.6
2020-10-25 09:00:00,12.69,12.846,11.905,12.151,397395.4
2020-10-26 09:00:00,12.151,12.432,11.26,11.701,450671.8
2020-10-27 09:00:00,11.701,12.46,11.492,11.924,475449.6
2020-10-28 09:00:00,11.924,12.152,11.153,11.432,582233.2
2020-10-29 09:00:00,11.432,11.79,11.081,11.283,443633.5
2020-10-30 09:00:00,11.283,11.471,10.753,11.085,603483
2020-10-31 09:00:00,11.085,11.388,10.92,11.228,391439.3
2020-11-01 09:00:00,11.228,11.588,11.012,11.565,347188
2020-11-02 09:00:00,11.565,11.687,10.717,10.78,757250.4
2020-11-03 09:00:00,10.78,10.78,9.952,10.398,718928.6
2020-11-04 09:00:00,10.398,10.665,9.736,10.462,704416.2
2020-11-05 09:00:00,10.462,11.266,10.084,10.971,937091
2020-11-06 09:00:00,10.971,12.293,10.889,12.174,1015093.5
2020-11-07 09:00:00,12.174,13.723,11.474,11.764,2166648.7999999998
2020-11-08 09:00:00,11.764,13.096,11.484,12.709,981730.4
2020-11-09 09:00:00,12.709,13.008,12.05,12.506,1049358.1000000001
2020-11-10 09:00:00,12.506,13.297,12.314,13.011,1308700.6000000001
2020-11-11 09:00:00,13.011,13.429,12.749,12.759,962091.5
2020-11-12 09:00:00,12.759,13.096,12.28,12.409,959617.2
2020-11-13 09:00:00,12.409,13.009,12.31,12.876,733596.3
2020-11-14 09:00:00,12.876,12.939,12.332,12.559,424723.1
2020-11-15 09:00:00,12.559,12.663,11.817,12.122,546002.6
2020-11-16 09:00:00,12.122,12.82,12.001,12.63,753609.5
2020-11-17 09:00:00,12.63,13.45,12.55,13.418,1380841.8
2020-11-18 09:00:00,13.418,14.276,12.578,13.56,2122428.3999999999
2020-11-19 09:00:00,13.56,14.013,13.026,13.607,1089296.3
2020-11-20 09:00:00,13.607,14.5,13.473,14.094,1017095.4
2020-11-21 09:00:00,14.094,15.55,13.7,15.484,1554136
2020-11-22 09:00:00,15.484,15.75,13.85,14.527,1443650
2020-11-23 09:00:00,14.527,15.43,14.293,15.287,968158
2020-11-24 09:00:00,15.287,16.393,14.962,15.695,1982143.5
2020-11-25 09:00:00,15.695,15.743,13.782,14.199,1702641.5
2020-11-26 09:00:00,14.199,14.462,11.291,12.586,3396693.3999999999
2020-11-27 09:00:00,12.586,12.94,11.959,12.5,922970.6
2020-11-28 09:00:00,12.5,13.424,12.364,13.094,846251.6
2020-11-29 09:00:00,13.094,13.483,12.854,13.386,725989.1
2020-11-30 09:00:00,13.386,14.461,13.385,14.28,1497578.2
2020-12-01 09:00:00,14.28,14.874,13.073,13.345,1756097.1000000001
2020-12-02 09:00:00,13.345,14.162,13.064,13.999,637468
2020-12-03 09:00:00,13.999,14.242,13.667,13.979,606260.2
2020-12-04 09:00:00,13.979,14.045,12.52,12.692,532606.3
2020-12-05 09:00:00,12.692,13.349,12.533,13.174,354583.5
2020-12-06 09:00:00,13.174,13.552,12.786,13.518,293841.1
2020-12-07 09:00:00,13.518,13.569,12.875,13.081,277268.3
2020-12-08 09:00:00,13.081,13.194,12.001,12.134,517095.2
2020-12-09 09:00:00,12.134,12.821,11.571,12.622,840155
2020-12-10 09:00:00,12.622,12.669,11.871,11.906,335866
2020-12-11 09:00:00,11.906,11.989,11.431,11.643,501943.7
2020-12-12 09:00:00,11.643,12.348,11.606,12.219,327120.6
2020-12-13 09:00:00,12.219,13.262,12.03,12.95,436660.9
2020-12-14 09:00:00,12.95,12.985,12.326,12.854,327718.8
2020-12-15 09:00:00,12.854,13.026,12.475,12.694,214052.6
2020-12-16 09:00:00,12.694,13.512,12.303,13.509,756045.3
2020-12-17 09:00:00,13.509,14.539,13.087,13.458,1177452
2020-12-18 09:00:00,13.458,14.023,13.19,13.519,587507.8
2020-12-19 09:00:00,13.519,13.991,13.31,13.486,399752.1
2020-12-20 09:00:00,13.486,13.808,12.65,13.069,715126.1
2020-12-21 09:00:00,13.069,13.274,12.1,12.315,991508.9
2020-12-22 09:00:00,12.315,12.843,11.821,12.793,582048
2020-12-23 09:00:00,12.793,12.87,8.085,10.972,2462856.8999999999
2020-12-24 09:00:00,10.972,11.687,9.856,11.572,1389996.8999999999
2020-12-25 09:00:00,11.572,11.917,11.055,11.553,888594.6
2020-12-26 09:00:00,11.553,11.814,10.631,10.979,1009558.8
2020-12-27 09:00:00,10.979,13.262,10.466,12.168,1590080.1000000001
2020-12-28 09:00:00,12.168,12.971,11.985,12.625,1218845.7
2020-12-29 09:00:00,12.625,13.055,10.812,11.754,1439253.5
2020-12-30 09:00:00,11.754,11.983,11.074,11.256,617487.5
2020-12-31 09:00:00,11.256,11.756,10.963,11.242,792148.5
2021-01-01 09:00:00,11.242,12.48,11.072,11.869,1326750.3999999999
2021-01-02 09:00:00,11.869,12.451,11.466,12.218,1021149.3
2021-01-03 09:00:00,12.218,14.063,11.854,13.707,1673203.1000000001
2021-01-04 09:00:00,13.707,15.813,12.327,13.621,3484177.8999999999
2021-01-05 09:00:00,13.621,14.911,13.124,14.523,1691426.7
2021-01-06 09:00:00,14.523,17.332,14.154,17.271,2796706
2021-01-07 09:00:00,17.271,17.5,15.099,15.956,2260653.7999999998
2021-01-08 09:00:00,15.956,16.239,14.138,15.243,1633917.8
2021-01-09 09:00:00,15.243,17.923,14.992,17.599,1619477.3
2021-01-10 09:00:00,17.599,18.494,15.5,16.214,1882812.3
2021-01-11 09:00:00,16.214,16.256,12.511,14.668,2156400.2999999998
2021-01-12 09:00:00,14.668,15.492,13.672,13.963,997340.5
2021-01-13 09:00:00,13.963,16.248,13.375,15.957,1144672.3
2021-01-14 09:00:00,15.957,18.016,15.37,18.004,1468072.7
2021-01-15 09:00:00,18.004,21.621,17.561,20.781,4896658.7999999998
2021-01-16 09:00:00,20.781,23.056,19.658,20.1,3467812.1000000001
2021-01-17 09:00:00,20.1,23.774,19.374,23.273,2452940.5
2021-01-18 09:00:00,23.273,23.73,21.102,22.066,1566788.2
2021-01-19 09:00:00,22.066,22.93,20.408,20.561,1256745
2021-01-20 09:00:00,20.561,21.971,19.041,21.855,1243848.5
2021-01-21 09:00:00,21.855,22.054,18.076,18.423,1323786.3
2021-01-22 09:00:00,18.423,22.52,17.133,21.581,1865186
2021-01-23 09:00:00,21.581,25.529,21.18,24.813,2627615.6000000001
2021-01-24 09:00:00,24.813,24.973,23.2,24.8,1379457.5
2021-01-25 09:00:00,24.8,25.827,22.61,23.378,1449269.8999999999
2021-01-26 09:00:00,23.378,23.977,21.67,23.141,866970.9
2021-01-27 09:00:00,23.141,23.25,20.282,20.977,970536.7
2021-01-28 09:00:00,20.977,24.494,20.535,23.055,1224050.6000000001
2021-01-29 09:00:00,23.055,24.309,22.09,22.771,798029.3
2021-01-30 09:00:00,22.771,23.999,22.204,23.676,589105.3
2021-01-31 09:00:00,23.676,24.76,22.078,22.573,591941.5
2021-02-01 09:00:00,22.573,23.23,21.66,22.923,513904.5
2021-02-02 09:00:00,22.923,24.206,22.77,23.723,633863.2
2021-02-03 09:00:00,23.723,25.638,23.618,25.102,1068740.3999999999
2021-02-04 09:00:00,25.102,26.265,22.714,24.524,1354518.3999999999
2021-02-05 09:00:00,24.524,27.094,24.453,26.36,1683067.8999999999
2021-02-06 09:00:00,26.36,26.871,24.21,25.069,1199107.5
2021-02-07 09:00:00,25.069,25.326,22.8,24.749,981184.8
2021-02-08 09:00:00,24.749,26.048,24.002,25.463,853132.5
2021-02-09 09:00:00,25.463,28.044,25.06,27.632,1000632.1
2021-02-10 09:00:00,27.632,28.7,24.62,26.842,1818343.3
2021-02-11 09:00:00,26.842,28.65,26.225,27.856,920497
2021-02-12 09:00:00,27.856,31.493,26.7,30.703,1467251.1000000001
2021-02-13 09:00:00,30.703,34.968,29.13,34.297,1538313.3999999999
2021-02-14 09:00:00,34.297,35.76,32.35,33.17,1310243.8
2021-02-15 09:00:00,33.17,34.96,27.248,32.61,1854095.5
2021-02-16 09:00:00,32.61,33.451,30.8,32.024,1040136.4
2021-02-17 09:00:00,32.024,32.75,30.04,32.236,1047995.7
2021-02-18 09:00:00,32.236,33.653,31.816,32.471,721436.1
2021-02-19 09:00:00,32.471,35.645,31.4,34.719,1360439.1000000001
2021-02-20 09:00:00,34.719,36.999,32.035,33.945,1606701.8999999999
2021-02-21 09:00:00,33.945,35.291,33.275,34.136,768819.8
2021-02-22 09:00:00,34.136,34.216,25.22,31.494,2260543.1000000001
2021-02-23 09:00:00,31.494,31.693,20.756,26.003,3082071.2999999998
2021-02-24 09:00:00,26.003,29.336,24.55,28.099,961394.5
2021-02-25 09:00:00,28.099,28.7,24.41,24.722,783624.6
2021-02-26 09:00:00,24.722,26.999,23.696,25.184,875873.5
2021-02-27 09:00:00,25.184,27.41,24.868,26.193,625033
2021-02-28 09:00:00,26.193,26.751,22.871,24.716,769933.6
2021-03-01 09:00:00,24.716,27.737,24.6,27.722,676989.2
2021-03-02 09:00:00,27.722,30.56,27.211,28.494,1085847.8999999999
2021-03-03 09:00:00,28.494,31.479,28.156,29.826,609878.1
2021-03-04 09:00:00,29.826,30.582,27.234,27.715,685144.3
2021-03-05 09:00:00,27.715,28.249,25.701,27.863,779090.4
2021-03-06 09:00:00,27.863,28.391,26.319,28.157,524762.5
2021-03-07 09:00:00,28.157,29.111,27.389,28.608,577492.7
2021-03-08 09:00:00,28.608,31.867,28.3,31.858,1026682.5
2021-03-09 09:00:00,31.858,32.032,30.42,31.527,730960.4
2021-03-10 09:00:00,31.527,31.848,29.33,29.936,838794.7
2021-03-11 09:00:00,29.936,30.499,28.583,30.153,727417.4
2021-03-12 09:00:00,30.153,30.459,27.65,28.4,800908.6
2021-03-13 09:00:00,28.4,30.6,26.936,29.816,859042.1
2021-03-14 09:00:00,29.816,30.251,28.56,28.577,495528.6
2021-03-15 09:00:00,28.577,29.457,26.829,27.471,884573.6
2021-03-16 09:00:00,27.471,28.185,26.383,27.934,408054.7
2021-03-17 09:00:00,27.934,31.23,27.318,31.05,911577.2
2021-03-18 09:00:00,31.05,31.37,29.026,29.419,628424.3
2021-03-19 09:00:00,29.419,30.562,28.671,29.803,450992.5
2021-03-20 09:00:00,29.803,31.464,29.611,29.647,495329.2
2021-03-21 09:00:00,29.647,30.091,28.61,29.244,393071.3
2021-03-22 09:00:00,29.244,29.45,27.112,27.262,459433.8
2021-03-23 09:00:00,27.262,27.938,26.644,26.795,305587.1
2021-03-24 09:00:00,26.795,27.877,23.581,24.869,666407.6
2021-03-25 09:00:00,24.869,26.65,24.452,25.58,436633
2021-03-26 09:00:00,25.558,27.425,25.398,27.381,298157.6
2021-03-27 09:00:00,27.381,27.496,26.038,26.874,322175
2021-03-28 09:00:00,26.874,27.68,26.103,26.651,323326.4
2021-03-29 09:00:00,26.651,28.645,26.406,28.059,276085.9
2021-03-30 09:00:00,28.059,28.63,27.477,27.841,306052.4
2021-03-31 09:00:00,27.841,29.426,26.208,29.426,429902.4
2021-04-01 09:00:00,29.426,31.171,29.36,30.099,650284.4
2021-04-02 09:00:00,30.099,32.6,29.597,32.525,569199.9
2021-04-03 09:00:00,32.525,33.281,29.17,29.273,851179.8
2021-04-04 09:00:00,29.273,31.485,28.67,30.768,450818.5
2021-04-05 09:00:00,30.768,32.683,29.668,32.412,584081.3
2021-04-06 09:00:00,32.412,34.917,31.351,34.707,1216363.6000000001
2021-04-07 09:00:00,34.707,35.192,30.265,31.144,999151.1
2021-04-08 09:00:00,31.144,32.905,30.99,32.797,512834
2021-04-09 09:00:00,32.797,33.299,31.25,31.617,511087.1
2021-04-10 09:00:00,31.617,33.075,31.022,31.926,647396.5
2021-04-11 09:00:00,31.926,34.511,31.795,33.93,806252.7
2021-04-12 09:00:00,33.93,34.203,31.905,33.118,719940.2
2021-04-13 09:00:00,33.118,36.044,32.425,35.597,845854.3
2021-04-14 09:00:00,35.597,42,34.893,41.342,1791902.3999999999
2021-04-15 09:00:00,41.342,44.43,39.756,42.586,1667053.8999999999
2021-04-16 09:00:00,42.586,43.316,38.472,41.985,1414803.8999999999
2021-04-17 09:00:00,41.985,44.125,39.91,40.013,969210.7
2021-04-18 09:00:00,40.013,40.383,29.459,39.135,3339717.8999999999
2021-04-19 09:00:00,39.135,41.991,34.851,35.688,1553727
2021-04-20 09:00:00,35.688,39.392,33.241,39.024,1187636.6000000001
2021-04-21 09:00:00,39.024,39.472,35.916,36.277,773869
2021-04-22 09:00:00,36.277,40.872,33.806,35.152,1247606
2021-04-23 09:00:00,35.152,35.938,30.015,35.19,1195969.1000000001
2021-04-24 09:00:00,35.19,35.288,31.026,31.266,600290.2
2021-04-25 09:00:00,31.266,33.437,29.852,31.667,552770.9
2021-04-26 09:00:00,31.667,35.288,31.405,35.157,555886.6
2021-04-27 09:00:00,35.157,37.653,34.52,36.794,534932.5
2021-04-28 09:00:00,36.794,37.827,34.96,36.273,535859.8
2021-04-29 09:00:00,36.273,37.499,35.051,36.487,515119.3
2021-04-30 09:00:00,36.487,38.817,35.868,38.145,470859.9
2021-05-01 09:00:00,38.145,41.256,37.5,41.256,608197.3
2021-05-02 09:00:00,41.256,41.481,38.739,39.486,605497.1
2021-05-03 09:00:00,39.486,42.753,39.168,42.086,758155.2
2021-05-04 09:00:00,42.086,48.642,38.616,45.561,2186654.7000000002
2021-05-05 09:00:00,45.561,51.255,45,49.617,1315685.8999999999
2021-05-06 09:00:00,49.617,49.999,45.342,47.161,1127485.7
2021-05-07 09:00:00,47.161,52.034,45.766,49.162,1212771.5
2021-05-08 09:00:00,49.162,50.295,46.546,48.629,736945.4
2021-05-09 09:00:00,48.629,52.46,45.859,52.261,957282
2021-05-10 09:00:00,52.261,53,40.314,46.286,1616541.3999999999
2021-05-11 09:00:00,46.286,48.916,44.629,48.857,682461.6
2021-05-12 09:00:00,48.857,49.889,40.922,41.589,1123454.8
2021-05-13 09:00:00,41.589,44.966,39.231,43.283,1307753.3
2021-05-14 09:00:00,43.283,47.888,42.969,46.588,546681.9
2021-05-15 09:00:00,46.588,47.85,41.05,41.515,885124.7
2021-05-16 09:00:00,41.515,44.679,38.003,40.636,707242.1
2021-05-17 09:00:00,40.636,40.654,35.074,37.164,828831.6
2021-05-18 09:00:00,37.164,44.683,36.7,42.599,996667.8
2021-05-19 09:00:00,42.599,43.51,20.079,26.263,6954482.5999999996
2021-05-20 09:00:00,26.263,33.013,22.527,30.64,1875252.8
2021-05-21 09:00:00,30.64,31.971,22.072,25.56,1008061
2021-05-22 09:00:00,25.56,26.196,22.234,23.308,662863.4
2021-05-23 09:00:00,23.308,24.358,14.991,19.824,1948550
2021-05-24 09:00:00,19.824,26.409,19.671,26.39,1459981.5
2021-05-25 09:00:00,26.39,27.63,23.663,27.523,1119150.3
2021-05-26 09:00:00,27.523,34.275,26.869,34.031,1632189.3
2021-05-27 09:00:00,34.031,35.34,30.072,31.732,1613763.3999999999
2021-05-28 09:00:00,31.732,32.148,26.84,27.864,2030944
2021-05-29 09:00:00,27.864,29.726,24.129,25.334,1687194.7
2021-05-30 09:00:00,25.334,29.143,23.668,26.807,1594405.8
2021-05-31 09:00:00,26.807,32.128,25.579,32.11,1444584
2021-06-01 09:00:00,32.11,32.644,29.053,30.71,1388134.3999999999
2021-06-02 09:00:00,30.71,32.239,29.672,30.683,1042171.2
2021-06-03 09:00:00,30.683,32.849,30.038,32.178,1164879.5
2021-06-04 09:00:00,32.178,32.263,27.185,28.818,1823645.3999999999
2021-06-05 09:00:00,28.818,30.16,26.063,27.126,1427994.7
2021-06-06 09:00:00,27.126,28.18,26.823,27.518,755541.7
2021-06-07 09:00:00,27.518,28.679,24.25,24.6,837025.8
2021-06-08 09:00:00,24.6,25.092,21.352,24.062,1562176.7
2021-06-09 09:00:00,24.062,25.612,22.448,25.562,1067365.1000000001
2021-06-10 09:00:00,25.562,25.765,22.727,23.107,796996.9
2021-06-11 09:00:00,23.107,23.377,20.984,21.465,1052259.3
2021-06-12 09:00:00,21.465,22.264,19.994,21.635,1156729.5
2021-06-13 09:00:00,21.635,23.854,20.416,23.327,1133602.3999999999
2021-06-14 09:00:00,23.327,25.247,22.838,24.961,1033037.3
2021-06-15 09:00:00,24.961,26.434,24.407,24.486,1564865.8999999999
2021-06-16 09:00:00,24.486,24.624,22.919,23.023,1266968.3999999999
2021-06-17 09:00:00,23.023,24.436,22.819,23.386,959895.6
2021-06-18 09:00:00,23.386,23.414,20.537,21.205,1280024.1000000001
2021-06-19 09:00:00,21.205,21.926,20.186,20.253,1008832.2
2021-06-20 09:00:00,20.253,22.05,19.077,21.644,1131367.8
2021-06-21 09:00:00,21.644,21.855,17.007,17.378,2304113.7000000002
2021-06-22 09:00:00,17.378,18.782,14.985,16.823,2462529.5
2021-06-23 09:00:00,16.823,19.182,16.151,18.366,1096158.2
2021-06-24 09:00:00,18.366,19.508,17.358,19.056,916522.7
2021-06-25 09:00:00,19.056,19.498,16.814,16.868,1373835.5
2021-06-26 09:00:00,16.868,17.481,15.927,16.941,1397773.8
2021-06-27 09:00:00,16.941,18.385,16.59,18.385,1259527.3
2021-06-28 09:00:00,18.385,19.422,17.916,18.817,1535199
2021-06-29 09:00:00,18.817,20.537,18.746,19.527,1534471.2
2021-06-30 09:00:00,19.527,19.761,18.152,19.483,1435221.3999999999
2021-07-01 09:00:00,19.483,19.521,17.612,18.243,1116490.6000000001
2021-07-02 09:00:00,18.243,18.516,17.261,18.266,795101
2021-07-03 09:00:00,18.266,18.879,17.849,18.525,401585.3
2021-07-04 09:00:00,18.525,19.888,17.983,19.255,560317.9
2021-07-05 09:00:00,19.255,19.255,17.778,18.345,846008.6
2021-07-06 09:00:00,18.345,20.249,18.319,20.073,1041455.3
2021-07-07 09:00:00,20.073,21.25,19.619,19.79,1123345
2021-07-08 09:00:00,19.79,19.863,18.12,18.355,1121025
2021-07-09 09:00:00,18.355,18.845,17.63,18.644,721312.7
2021-07-10 09:00:00,18.644,18.964,17.73,18.204,559114.6
2021-07-11 09:00:00,18.204,18.56,17.862,18.363,367254.3
2021-07-12 09:00:00,18.363,18.587,17.129,17.52,539454.7
2021-07-13 09:00:00,17.52,17.756,16.672,16.863,512514.1
2021-07-14 09:00:00,16.863,17.385,16.009,16.948,625034.4
2021-07-15 09:00:00,16.948,17.236,15.517,15.732,651839.2
2021-07-16 09:00:00,15.732,16.321,15.13,15.244,861412.9
2021-07-17 09:00:00,15.244,15.669,15.025,15.344,684453.8
2021-07-18 09:00:00,15.344,16.062,15.147,15.47,548738.2
2021-07-19 09:00:00,15.47,15.624,14.408,14.514,836331.4
2021-07-20 09:00:00,14.514,14.767,13.382,13.735,850808.9
2021-07-21 09:00:00,13.735,15.77,13.463,15.281,929280.1
2021-07-22 09:00:00,15.281,16.14,14.963,16.062,592308.7
2021-07-23 09:00:00,16.062,16.557,15.239,16.489,520475.2
2021-07-24 09:00:00,16.489,17.106,16.3,16.667,451354.5
2021-07-25 09:00:00,16.667,17.019,16.152,16.729,504626.4
2021-07-26 09:00:00,16.729,19.945,16.654,18.032,1905453.3999999999
2021-07-27 09:00:00,18.032,19.568,17.61,19.512,1008066.1
2021-07-28 09:00:00,19.512,19.98,18.611,19.1,975275.6
2021-07-29 09:00:00,19.1,19.448,18.607,19.359,539302.1
2021-07-30 09:00:00,19.359,22.669,18.824,22.247,2154714.1000000001
2021-07-31 09:00:00,22.247,23.362,21.27,22.705,1337045.3
2021-08-01 09:00:00,22.705,23.917,21.803,22.093,1309267.6000000001
2021-08-02 09:00:00,22.093,23.984,21.426,23.49,1224916
2021-08-03 09:00:00,23.49,24.436,22.109,23.937,2092855.6000000001
2021-08-04 09:00:00,23.937,24.999,22.878,24.192,1519377.5
2021-08-05 09:00:00,24.192,24.338,22.501,24.053,1218578.8999999999
2021-08-06 09:00:00,24.053,24.405,23.086,23.888,1142899
2021-08-07 09:00:00,23.888,25.199,23.646,24.71,1001535.9
2021-08-08 09:00:00,24.71,24.95,22.568,23.041,868579.2
2021-08-09 09:00:00,23.041,24.7,22.1,24.244,800553.5
2021-08-10 09:00:00,24.244,25.532,23.765,24.574,794217.2
2021-08-11 09:00:00,24.574,27.334,24.486,25.934,1143029.1000000001
2021-08-12 09:00:00,25.934,26.912,24.131,24.922,1010466.4
2021-08-13 09:00:00,24.922,27.774,24.736,27.761,799001.6
2021-08-14 09:00:00,27.761,27.967,26.416,27.178,1160030.8
2021-08-15 09:00:00,27.178,28,25.935,27.934,875302.7
2021-08-16 09:00:00,27.934,30.557,27.682,27.974,2203993.7999999998
2021-08-17 09:00:00,27.974,30.28,25.898,26.169,1913848.2
2021-08-18 09:00:00,26.169,26.937,24.867,25.332,1247434.8999999999
2021-08-19 09:00:00,25.332,27.139,24.525,27.11,1121308.3
2021-08-20 09:00:00,27.11,29.071,26.685,28.729,960127.4
2021-08-21 09:00:00,28.729,29.192,27.677,27.868,843851.8
2021-08-22 09:00:00,27.868,28.693,26.822,28.011,612952.1
2021-08-23 09:00:00,28.011,29.351,27.813,28.605,958564.3
2021-08-24 09:00:00,28.605,28.946,25.751,25.766,935221.5
2021-08-25 09:00:00,25.766,26.883,25.301,26.637,833844.2
2021-08-26 09:00:00,26.637,26.953,23.906,24.387,868019.5
2021-08-27 09:00:00,24.387,26.16,24.031,26.061,518411.2
2021-08-28 09:00:00,26.061,26.2,25.378,25.743,342435.3
2021-08-29 09:00:00,25.743,26.587,25.169,25.779,507243.1
2021-08-30 09:00:00,25.779,26.494,24.35,25.036,727835.8
2021-08-31 09:00:00,25.036,27.542,24.733,26.739,1199198.2
2021-09-01 09:00:00,26.739,29.85,26.132,29.754,1514472.7
2021-09-02 09:00:00,29.754,30.91,28.818,29.987,1457044.5
2021-09-03 09:00:00,29.987,31.794,29.103,30.785,1554828.3999999999
2021-09-04 09:00:00,30.785,31.2,29.469,29.896,1004229.2
2021-09-05 09:00:00,29.896,33.643,29.574,33.608,1527088.6000000001
2021-09-06 09:00:00,33.608,36.375,32.5,34.843,2989122.8999999999
2021-09-07 09:00:00,34.843,35.39,24.017,28.237,5976049.2999999998
2021-09-08 09:00:00,28.237,29.203,25.199,27.161,2288323.2999999998
2021-09-09 09:00:00,27.161,30.197,26.502,28.008,2017089.3
2021-09-10 09:00:00,28.008,29.573,25.655,26.368,2859813.6000000001
2021-09-11 09:00:00,26.368,27.692,26.262,27.012,1111019.6000000001
2021-09-12 09:00:00,27.012,29.788,26.39,29.457,1521319.3999999999
2021-09-13 09:00:00,29.457,29.96,25.197,26.953,3022713.2999999998
2021-09-14 09:00:00,26.953,30.865,26.751,30.813,2094206.8999999999
2021-09-15 09:00:00,30.813,31.471,29.614,30.687,2407130.2000000002
2021-09-16 09:00:00,30.687,32.124,29.075,29.833,2394144.1000000001
2021-09-17 09:00:00,29.833,30.14,27.394,27.739,1860458.8999999999
2021-09-18 09:00:00,27.739,29.458,27.417,28.401,911376.8
2021-09-19 09:00:00,28.401,28.815,26.937,27.397,943559.4
2021-09-20 09:00:00,27.397,27.44,23,23.552,2413465.7000000002
2021-09-21 09:00:00,23.552,24.375,20.8,21.405,2667779.7000000002
2021-09-22 09:00:00,21.405,24.494,21.017,24.445,1460052.8
2021-09-23 09:00:00,24.445,25.467,23.403,25.42,1530524.3999999999
2021-09-24 09:00:00,25.42,25.486,21.352,23.26,2248266.7999999998
2021-09-25 09:00:00,23.26,24.684,22.034,24.496,1980393.3999999999
2021-09-26 09:00:00,24.496,25.358,22.353,24.607,3513007
2021-09-27 09:00:00,24.607,25.454,22.965,23.009,1454036
2021-09-28 09:00:00,23.009,23.731,21.988,22.083,1513752.7
2021-09-29 09:00:00,22.083,23.919,22.011,22.849,1203623.8
2021-09-30 09:00:00,22.849,24.377,22.715,23.984,1142083
2021-10-01 09:00:00,23.984,26.684,23.581,26.306,1416137.8999999999
2021-10-02 09:00:00,26.306,27.809,25.851,26.913,977837.1
2021-10-03 09:00:00,26.913,28.189,26.517,27.573,1156802.3999999999
2021-10-04 09:00:00,27.573,27.681,25.601,26.621,1141106.1000000001
2021-10-05 09:00:00,26.621,27.511,26.213,27.253,1304923.2
2021-10-06 09:00:00,27.253,28.208,25.213,26.807,1831194.8
2021-10-07 09:00:00,26.807,27.743,25.92,26.842,1635615
2021-10-08 09:00:00,26.842,27.465,26.134,26.352,1287983.7
2021-10-09 09:00:00,26.352,27.927,26.051,27.469,1417079.2
2021-10-10 09:00:00,27.469,27.504,25.461,25.555,1303176.3999999999
2021-10-11 09:00:00,25.555,26.792,24.641,25.225,1120232.7
2021-10-12 09:00:00,25.225,25.244,23.543,24.654,1366597.3999999999
2021-10-13 09:00:00,24.654,25.682,24.179,25.682,1400624.1000000001
2021-10-14 09:00:00,25.682,27.912,25.426,26.751,2279625.6000000001
2021-10-15 09:00:00,26.751,27.415,26.044,27.021,1796335.3999999999
2021-10-16 09:00:00,27.021,28.732,26.971,27.245,1826861.5
2021-10-17 09:00:00,27.245,27.654,25.575,26.55,1479050.5
2021-10-18 09:00:00,26.55,26.765,25.286,25.743,1116056
2021-10-19 09:00:00,25.743,26.299,25.39,25.945,912169.6
2021-10-20 09:00:00,25.945,27.681,25.9,27.51,1065529.2
2021-10-21 09:00:00,27.51,29.37,27.205,28.311,2860932.6000000001
2021-10-22 09:00:00,28.311,30.05,28.059,28.692,2014929.2
2021-10-23 09:00:00,28.692,31.485,28.35,31.403,1967342.8
2021-10-24 09:00:00,31.403,31.527,28.751,29.723,1225135.5
2021-10-25 09:00:00,29.723,32.912,29.566,32.388,1954045.5
2021-10-26 09:00:00,32.388,33.864,31.346,32.542,1742927.5
2021-10-27 09:00:00,32.542,33.949,27.75,28.859,3437149
2021-10-28 09:00:00,28.859,30.853,28.627,30.199,1975577.8999999999
2021-10-29 09:00:00,30.199,31.976,29.98,30.98,1582786.7
2021-10-30 09:00:00,30.98,31.143,29.171,29.8,1053219.8999999999
2021-10-31 09:00:00,29.8,30.712,28.688,30.024,1052080
2021-11-01 09:00:00,30.024,31.899,29.188,31.705,1495517
2021-11-02 09:00:00,31.705,32.502,31.031,32.28,861250.8
2021-11-03 09:00:00,32.28,32.822,30.59,31.977,1429351.8
2021-11-04 09:00:00,31.977,32.148,30.236,31.025,1116673.8
2021-11-05 09:00:00,31.025,33.711,30.7,32.876,1836038.6000000001
2021-11-06 09:00:00,32.876,33.215,30.743,32.034,1186144.8999999999
2021-11-07 09:00:00,32.034,32.629,31.719,32.342,890226.1
2021-11-08 09:00:00,32.342,34.851,32.241,34.514,1942602.3
2021-11-09 09:00:00,34.514,35.661,33.415,33.866,1717739.3
2021-11-10 09:00:00,33.866,38.393,31.68,34.295,5250088.4000000004
2021-11-11 09:00:00,34.295,36.956,33.416,34.696,2857460.6000000001
2021-11-12 09:00:00,34.696,35.485,32.685,34.27,2398705.5
2021-11-13 09:00:00,34.27,34.581,33.196,33.996,1107576
2021-11-14 09:00:00,33.996,34.417,32.55,33.765,967931.9
2021-11-15 09:00:00,33.765,34.5,32.014,32.064,1089458.6000000001
2021-11-16 09:00:00,32.064,32.064,27.828,29.153,3670396.7999999998
2021-11-17 09:00:00,29.153,29.731,28.035,29.224,1725488.7
2021-11-18 09:00:00,29.224,29.711,25.835,26.543,2799232
2021-11-19 09:00:00,26.543,28.819,26.099,28.263,1181182.2
2021-11-20 09:00:00,28.263,28.727,27.289,28.377,836563.2
2021-11-21 09:00:00,28.377,29.25,27.716,29.013,837574.9
2021-11-22 09:00:00,29.013,29.085,26.314,26.802,1030557.5
2021-11-23 09:00:00,26.802,27.569,26.188,26.973,810828.3
2021-11-24 09:00:00,26.973,27.171,25.187,25.612,1014796.4
2021-11-25 09:00:00,25.612,27.6,25.421,26.413,1063395.3
2021-11-26 09:00:00,26.413,26.591,22.824,23.984,2346708.8999999999
2021-11-27 09:00:00,23.984,24.988,23.793,24.116,711117.2
2021-11-28 09:00:00,24.116,24.975,22.658,24.763,984571.5
2021-11-29 09:00:00,24.763,25.595,24.55,24.994,745149.2
2021-11-30 09:00:00,24.994,26.507,24.169,25.323,1019924.1
2021-12-01 09:00:00,25.323,26.892,24.987,25.367,915577.3
2021-12-02 09:00:00,25.367,25.367,24.183,24.554,740559.3
2021-12-03 09:00:00,24.554,25.842,22.449,23.307,1381750.3
2021-12-04 09:00:00,23.307,23.352,15.023,20.65,5891974.2999999998
2021-12-05 09:00:00,20.65,20.918,18.465,19.474,1544578.6000000001
2021-12-06 09:00:00,19.474,19.909,17.223,19.823,1688726.8999999999
2021-12-07 09:00:00,19.823,21.153,19.691,21.078,1249279.8
2021-12-08 09:00:00,21.078,23.185,20.751,22.897,2541928
2021-12-09 09:00:00,22.897,23.035,20.25,20.253,1955915.6000000001
2021-12-10 09:00:00,20.253,20.866,18.466,18.548,1684644.8999999999
2021-12-11 09:00:00,18.548,20.184,18.158,19.954,1149694.5
2021-12-12 09:00:00,19.954,20.775,19.228,20.411,760628.8
2021-12-13 09:00:00,20.411,20.546,17.306,17.781,1921435.6000000001
2021-12-14 09:00:00,17.781,18.589,17.445,18.455,1121994.3999999999
2021-12-15 09:00:00,18.455,19.974,17.267,19.67,2133402.5
2021-12-16 09:00:00,19.67,20.344,18.705,18.771,1059160.2
2021-12-17 09:00:00,18.771,19.209,17.751,18.248,1759513.2
2021-12-18 09:00:00,18.248,19.977,17.818,19.54,1295652.8999999999
2021-12-19 09:00:00,19.54,20.36,18.813,18.871,1328117.3
2021-12-20 09:00:00,18.871,19.184,18.03,18.742,948563.4
2021-12-21 09:00:00,18.742,19.651,18.365,19.434,704270.3
2021-12-22 09:00:00,19.434,20.811,19.211,19.918,1252987
2021-12-23 09:00:00,19.918,22.211,19.567,22.145,2027118.1000000001
2021-12-24 09:00:00,22.145,22.653,21.202,21.469,1433838.6000000001
2021-12-25 09:00:00,21.469,22.376,21.3,22.108,862830.2
2021-12-26 09:00:00,22.108,23.573,21.14,22.977,1768303.8
2021-12-27 09:00:00,22.977,24.467,22.755,23.013,1590255.7
2021-12-28 09:00:00,23.013,23.017,20.334,20.343,2647606.3999999999
2021-12-29 09:00:00,20.343,20.955,19.517,19.717,1762463.8999999999
2021-12-30 09:00:00,19.717,20.417,19.164,19.939,1063514.6000000001
2021-12-31 09:00:00,19.939,20.622,19.034,19.512,1059476.2
2022-01-01 09:00:00,19.512,20.773,19.512,20.749,616039.7
2022-01-02 09:00:00,20.749,22.18,20.572,21.856,1162320.5
2022-01-03 09:00:00,21.856,23.733,21.251,23.682,2242955.3999999999
2022-01-04 09:00:00,23.682,24.463,22.788,23.428,2512846.5
2022-01-05 09:00:00,23.428,27.427,22.352,25.192,8657192.6999999993
2022-01-06 09:00:00,25.192,25.963,23.333,25.379,5029673.5
2022-01-07 09:00:00,25.379,27.318,22.652,25.96,5698274.2000000002
2022-01-08 09:00:00,25.96,27.316,23.549,25.332,4172586.5
2022-01-09 09:00:00,25.332,28.706,25.037,27.501,5036539.9000000004
2022-01-10 09:00:00,27.501,28.586,25.111,27.962,5412813.2999999998
2022-01-11 09:00:00,27.962,28.681,25.883,26.61,3042914.2999999998
2022-01-12 09:00:00,26.61,27.245,25.6,26.755,2170268.6000000001
2022-01-13 09:00:00,26.755,26.756,24.434,24.863,1880310.2
2022-01-14 09:00:00,24.863,25.868,23.877,25.71,1318718.3
2022-01-15 09:00:00,25.71,26.196,25.052,25.17,1027261.3
2022-01-16 09:00:00,25.17,26.331,24.585,25.483,958223.5
2022-01-17 09:00:00,25.483,25.631,23.271,23.785,1113801.8999999999
2022-01-18 09:00:00,23.785,24.338,22.053,22.977,1286146
2022-01-19 09:00:00,22.977,23.146,21.224,21.541,1351648.3999999999
2022-01-20 09:00:00,21.541,22.962,20.036,20.192,1136684.2
2022-01-21 09:00:00,20.192,20.504,17.071,17.409,3458025.1000000001
2022-01-22 09:00:00,17.409,17.81,14.153,15.866,4304350.4000000004
2022-01-23 09:00:00,15.866,16.87,15.155,16.64,2007606.3999999999
2022-01-24 09:00:00,16.64,16.64,13.458,15.575,3356938.1000000001
2022-01-25 09:00:00,15.575,16.01,14.584,15.467,1327033.3999999999
2022-01-26 09:00:00,15.467,16.795,14.67,15.205,2166871.8999999999
2022-01-27 09:00:00,15.205,15.707,14.289,15.224,1291306.5
2022-01-28 09:00:00,15.224,16.27,14.74,16.137,1036526.9
2022-01-29 09:00:00,16.137,16.746,15.951,16.207,1024718
2022-01-30 09:00:00,16.207,18.131,16.01,17.774,1582832.3
2022-01-31 09:00:00,17.774,17.87,16.459,17.163,1677623.8999999999
2022-02-01 09:00:00,17.163,17.889,16.81,16.99,1108337.6000000001
2022-02-02 09:00:00,16.99,17.372,15.534,15.767,968155.8
2022-02-03 09:00:00,15.767,16.32,15.247,16.302,859743
2022-02-04 09:00:00,16.302,17.533,16.003,17.51,872005.2
2022-02-05 09:00:00,17.51,18.314,17.42,17.763,924445.8
2022-02-06 09:00:00,17.763,18.17,17.171,18.064,566963.3
2022-02-07 09:00:00,18.064,19.422,17.66,18.862,1052312.8999999999
2022-02-08 09:00:00,18.862,19.522,17.725,18.374,1251964.8999999999
2022-02-09 09:00:00,18.374,18.744,17.738,18.661,663515.5
2022-02-10 09:00:00,18.661,18.753,17.353,17.501,1195129.8
2022-02-11 09:00:00,17.501,17.827,15.907,16.205,745915.7
2022-02-12 09:00:00,16.205,16.384,15.574,15.945,627610.4
2022-02-13 09:00:00,15.945,16.319,15.515,15.598,519536.4
2022-02-14 09:00:00,15.598,16.114,15.201,15.889,688253.3
2022-02-15 09:00:00,15.889,17.455,15.814,17.332,679088.4
2022-02-16 09:00:00,17.332,17.42,16.508,17.119,545891.1
2022-02-17 09:00:00,17.119,17.43,15.451,15.573,775038.1
2022-02-18 09:00:00,15.573,16.038,15.032,15.192,452875.6
2022-02-19 09:00:00,15.192,15.666,14.825,15.513,598343.7
2022-02-20 09:00:00,15.513,15.52,14.372,14.591,819923.3
2022-02-21 09:00:00,14.591,15.295,13.37,13.488,1305321.2
2022-02-22 09:00:00,13.488,14.189,13.005,13.99,943912.2
2022-02-23 09:00:00,13.99,14.646,13.298,13.331,814182.5
2022-02-24 09:00:00,13.331,13.942,11.386,13.257,2471608.1000000001
2022-02-25 09:00:00,13.257,14.485,13.073,14.353,1396767.1000000001
2022-02-26 09:00:00,14.353,15.051,14.077,14.697,671823
2022-02-27 09:00:00,14.697,14.845,13.46,13.621,1191953.5
2022-02-28 09:00:00,13.621,15.158,13.308,15.125,960910.1
2022-03-01 09:00:00,15.125,15.723,14.725,15.349,919249.3
2022-03-02 09:00:00,15.349,15.862,14.914,15.276,1160125.3
2022-03-03 09:00:00,15.276,15.365,14.456,14.892,602598.6
2022-03-04 09:00:00,14.892,14.961,13.535,13.725,835760.3
2022-03-05 09:00:00,13.725,14.272,13.409,14.013,401075.9
2022-03-06 09:00:00,14.013,14.109,13.231,13.309,653392.2
2022-03-07 09:00:00,13.309,13.659,12.408,12.67,1272048.3
2022-03-08 09:00:00,12.67,13.542,12.568,13.084,1281372.8
2022-03-09 09:00:00,13.084,14.444,13.055,14.006,922024.1
2022-03-10 09:00:00,14.006,14.095,12.955,13.168,1094086.8
2022-03-11 09:00:00,13.168,13.654,12.792,13.037,1143632.3
2022-03-12 09:00:00,13.037,13.442,13.015,13.136,393388.8
2022-03-13 09:00:00,13.136,13.434,12.572,12.689,530655.1
2022-03-14 09:00:00,12.689,13.503,12.6,13.4,1200262
2022-03-15 09:00:00,13.4,13.79,12.875,13.684,873921.4
2022-03-16 09:00:00,13.684,14.8,13.664,14.671,2121959.2000000002
2022-03-17 09:00:00,14.671,14.927,14.222,14.401,1005570
2022-03-18 09:00:00,14.401,15.261,14.108,15.012,1474922.5
2022-03-19 09:00:00,15.012,15.406,14.827,14.992,1345195
2022-03-20 09:00:00,14.992,15.13,14.421,14.54,1050315.8
2022-03-21 09:00:00,14.54,15.274,14.29,15.001,1889626.7
2022-03-22 09:00:00,15.001,15.845,14.991,15.423,1833653.8999999999
2022-03-23 09:00:00,15.423,15.951,15.114,15.834,1366420.2
2022-03-24 09:00:00,15.834,16.436,15.607,16.165,1886427
2022-03-25 09:00:00,16.165,16.457,15.458,15.582,1503372
2022-03-26 09:00:00,15.582,15.952,15.482,15.838,947835.8
2022-03-27 09:00:00,15.838,16.909,15.616,16.865,1719030.8
2022-03-28 09:00:00,16.865,17.38,16.315,16.499,2246764
2022-03-29 09:00:00,16.499,17.541,16.464,16.985,2197384.2999999998
2022-03-30 09:00:00,16.985,17.596,16.524,17.229,2279679.7999999998
2022-03-31 09:00:00,17.229,18.06,16.648,16.918,3313638.6000000001
2022-04-01 09:00:00,16.918,17.38,16.155,17.361,2192967.7999999998
2022-04-02 09:00:00,17.361,17.881,17.107,17.399,1989090.7
2022-04-03 09:00:00,17.399,18.333,17.164,18.082,1765438.6000000001
2022-04-04 09:00:00,18.082,18.082,16.821,17.524,1656120.8
2022-04-05 09:00:00,17.524,17.665,16.653,16.742,1208600.3999999999
2022-04-06 09:00:00,16.742,16.786,15.266,15.418,2644370.6000000001
2022-04-07 09:00:00,15.418,15.883,15.093,15.744,1571432.3999999999
2022-04-08 09:00:00,15.744,15.906,15.014,15.132,1415256
2022-04-09 09:00:00,15.132,15.525,15.113,15.427,1054568.3
2022-04-10 09:00:00,15.427,15.92,15.155,15.218,1006249.4
2022-04-11 09:00:00,15.218,15.263,13.464,13.755,3067761.6000000001
2022-04-12 09:00:00,13.755,14.313,13.633,13.973,1900940.6000000001
2022-04-13 09:00:00,13.973,14.217,13.671,14.178,1442013
2022-04-14 09:00:00,14.178,14.33,13.324,13.64,1507466.6000000001
2022-04-15 09:00:00,13.64,14.198,13.623,14.105,1192919.3999999999
2022-04-16 09:00:00,14.105,14.267,13.824,14.148,847798.1
2022-04-17 09:00:00,14.148,14.612,13.61,13.72,1442502.5
2022-04-18 09:00:00,13.72,14.056,13.134,14.049,1938798.6000000001
2022-04-19 09:00:00,14.049,14.406,13.821,14.236,1091124.1000000001
2022-04-20 09:00:00,14.236,14.491,13.7,14.021,2088502.3
2022-04-21 09:00:00,14.021,14.379,13.353,13.575,1457511.5
2022-04-22 09:00:00,13.575,13.884,13.467,13.572,1102182.8
2022-04-23 09:00:00,13.572,13.689,13.212,13.312,730899.8
2022-04-24 09:00:00,13.312,13.643,13.189,13.266,972437.3
2022-04-25 09:00:00,13.266,13.506,12.524,13.435,2130382.6000000001
2022-04-26 09:00:00,13.435,13.506,12.128,12.368,1535996.2
2022-04-27 09:00:00,12.368,12.809,12.302,12.741,1284038.1000000001
2022-04-28 09:00:00,12.741,12.99,12.392,12.657,1151644
2022-04-29 09:00:00,12.657,12.731,11.827,11.978,1012793.8
2022-04-30 09:00:00,11.978,12.244,10.629,10.95,1731832.6000000001
2022-05-01 09:00:00,10.95,11.476,10.783,11.294,1511827.2
2022-05-02 09:00:00,11.294,11.437,10.757,11.159,1375811.8999999999
2022-05-03 09:00:00,11.159,11.493,10.789,11.118,1239167.2
2022-05-04 09:00:00,11.118,12.2,11.085,12.193,1600058.7
2022-05-05 09:00:00,12.193,12.285,10.611,10.905,3068432.7999999998
2022-05-06 09:00:00,10.905,11.018,10.389,10.777,2481062.1000000001
2022-05-07 09:00:00,10.777,10.842,9.986,10.21,1449770.1000000001
2022-05-08 09:00:00,10.21,10.37,9.834,9.99,2234852.1000000001
2022-05-09 09:00:00,9.99,10.162,7.997,8.085,6314619.7999999998
2022-05-10 09:00:00,8.085,9.319,7.88,8.577,4798782.5999999996
2022-05-11 09:00:00,8.577,8.84,6.528,6.936,6927930.2000000002
2022-05-12 09:00:00,6.936,7.478,5.522,6.559,6796191.4000000004
2022-05-13 09:00:00,6.559,7.704,6.471,7.145,3012736.5
2022-05-14 09:00:00,7.145,7.436,6.628,7.251,2606705.1000000001
2022-05-15 09:00:00,7.251,7.98,7.008,7.956,1404843.5
2022-05-16 09:00:00,7.956,7.959,7.152,7.412,1821644.2
2022-05-17 09:00:00,7.412,7.964,7.287,7.715,1737802.3
2022-05-18 09:00:00,7.715,7.813,6.773,6.798,1549244.7
2022-05-19 09:00:00,6.798,7.258,6.639,7.21,1711194.8999999999
2022-05-20 09:00:00,7.21,7.36,6.745,6.87,2028472.7
2022-05-21 09:00:00,6.87,7.114,6.761,7.047,775706.3
2022-05-22 09:00:00,7.047,7.401,6.907,7.324,1614648
2022-05-23 09:00:00,7.324,7.68,6.975,7.023,2121728.2000000002
2022-05-24 09:00:00,7.023,7.299,6.711,7.234,1693133.3999999999
2022-05-25 09:00:00,7.234,7.395,6.934,6.954,1514962.3999999999
2022-05-26 09:00:00,6.954,7.091,6.197,6.565,3058691.3999999999
2022-05-27 09:00:00,6.565,6.704,6.206,6.283,2506924.3999999999
2022-05-28 09:00:00,6.283,6.653,6.204,6.561,1805589.5
2022-05-29 09:00:00,6.561,6.745,6.336,6.71,1247737.6000000001
2022-05-30 09:00:00,6.71,7.518,6.643,7.455,2120150.5
2022-05-31 09:00:00,7.455,7.73,7.166,7.585,1780936.8
2022-06-01 09:00:00,7.585,7.792,6.75,6.93,2578539.2000000002
2022-06-02 09:00:00,6.93,7.241,6.807,7.19,2289867.7999999998
2022-06-03 09:00:00,7.19,7.217,6.674,6.852,2356430.7000000002
2022-06-04 09:00:00,6.852,7.433,6.672,7.404,1878208.3
2022-06-05 09:00:00,7.404,7.889,7.241,7.641,5625790.2000000002
2022-06-06 09:00:00,7.641,8.193,7.614,7.976,5661306.2999999998
2022-06-07 09:00:00,7.976,8.992,7.296,8.69,9414683.5
2022-06-08 09:00:00,8.69,8.983,8.223,8.698,9873278.5999999996
2022-06-09 09:00:00,8.698,9.673,8.483,9.268,12051400.0999999996
2022-06-10 09:00:00,9.268,9.533,7.991,8.03,14284801.5999999996
2022-06-11 09:00:00,8.03,8.415,6.929,7.038,16673127.4000000004
2022-06-12 09:00:00,7.038,7.138,6.252,6.26,14017727.1999999993
2022-06-13 09:00:00,6.26,6.337,5.293,5.924,27391220.1999999993
2022-06-14 09:00:00,5.924,6.872,5.387,6.723,19145798.3999999985
2022-06-15 09:00:00,6.723,7.375,5.832,7.321,23849343
2022-06-16 09:00:00,7.321,7.499,6.2,6.355,11211910.6999999993
2022-06-17 09:00:00,6.355,6.734,6.257,6.36,7813658.5
2022-06-18 09:00:00,6.36,6.467,5.403,5.923,12628004.1999999993
2022-06-19 09:00:00,5.923,6.812,5.818,6.604,10918389.0999999996
2022-06-20 09:00:00,6.604,7.29,6.307,6.98,8244803.0999999996
2022-06-21 09:00:00,6.98,7.57,6.746,6.852,8086417.9000000004
2022-06-22 09:00:00,6.852,7.028,6.45,6.616,10185671.9000000004
2022-06-23 09:00:00,6.616,7.095,6.598,6.987,7179501.0999999996
2022-06-24 09:00:00,6.987,7.437,6.933,7.259,6075439.2000000002
2022-06-25 09:00:00,7.259,7.379,6.794,7.262,5365106.9000000004
2022-06-26 09:00:00,7.262,7.493,6.682,6.701,6312896.2999999998
2022-06-27 09:00:00,6.701,6.992,6.395,6.554,6077711.2000000002
2022-06-28 09:00:00,6.554,7.26,6.268,6.311,10858923.6999999993
2022-06-29 09:00:00,6.311,6.485,6.128,6.231,7333112.7999999998
2022-06-30 09:00:00,6.231,6.31,5.87,6.271,8409097
2022-07-01 09:00:00,6.271,6.424,5.92,6.071,8457493.4000000004
2022-07-02 09:00:00,6.071,6.281,5.976,6.219,3983141
2022-07-03 09:00:00,6.219,6.25,6.01,6.216,3564569.3999999999
2022-07-04 09:00:00,6.216,6.454,6.014,6.429,4203835
2022-07-05 09:00:00,6.429,6.556,6.051,6.305,6042124
2022-07-06 09:00:00,6.305,6.421,6.164,6.337,4204006.2000000002
2022-07-07 09:00:00,6.337,6.753,6.306,6.636,5421253.5999999996
2022-07-08 09:00:00,6.636,6.831,6.323,6.35,5052517.9000000004
2022-07-09 09:00:00,6.35,6.584,6.343,6.481,2028598.2
2022-07-10 09:00:00,6.481,6.486,6.096,6.192,2695344.3999999999
2022-07-11 09:00:00,6.192,6.43,5.978,6.04,6198565.5999999996
2022-07-12 09:00:00,6.04,6.237,5.921,5.946,4564344.5999999996
2022-07-13 09:00:00,5.946,6.193,5.687,6.171,8180372.9000000004
2022-07-14 09:00:00,6.171,6.388,5.987,6.269,6075421.0999999996
2022-07-15 09:00:00,6.269,6.466,6.113,6.324,6365234.5
2022-07-16 09:00:00,6.324,6.615,6.132,6.595,5244140.5
2022-07-17 09:00:00,6.595,6.716,6.318,6.341,4305330.9000000004
2022-07-18 09:00:00,6.341,7.15,6.329,7.039,6931211.2000000002
2022-07-19 09:00:00,7.039,7.382,6.727,7.253,8136929.5
2022-07-20 09:00:00,7.253,7.583,6.823,6.868,6475955.5
2022-07-21 09:00:00,6.868,7.054,6.643,6.991,4367777.9000000004
2022-07-22 09:00:00,6.991,7.288,6.738,6.778,4282137.7000000002
2022-07-23 09:00:00,6.778,7.028,6.602,6.848,2693566.2000000002
2022-07-24 09:00:00,6.848,7.249,6.822,7.093,3126655.2000000002
2022-07-25 09:00:00,7.093,7.145,6.401,6.426,3647258.7000000002
2022-07-26 09:00:00,6.426,6.447,6.078,6.343,3679417.3999999999
2022-07-27 09:00:00,6.343,6.865,6.182,6.857,3854153.8999999999
2022-07-28 09:00:00,6.857,7.294,6.676,7.217,3928925.2000000002
2022-07-29 09:00:00,7.217,8.12,7.105,7.88,9269462.5
2022-07-30 09:00:00,7.88,8.216,7.65,7.813,6879830
2022-07-31 09:00:00,7.813,8.087,7.576,7.657,3878186.1000000001
2022-08-01 09:00:00,7.657,7.88,7.408,7.572,3283951.2000000002
2022-08-02 09:00:00,7.572,7.664,7.019,7.172,3523975
2022-08-03 09:00:00,7.172,7.636,7.045,7.277,3269613.2999999998
2022-08-04 09:00:00,7.277,7.535,7.167,7.359,2828167.2000000002
2022-08-05 09:00:00,7.359,7.89,7.347,7.87,3661859.2000000002
2022-08-06 09:00:00,7.87,8.122,7.718,7.791,1839011
2022-08-07 09:00:00,7.791,8.377,7.644,8.34,2308641.8999999999
2022-08-08 09:00:00,8.34,8.781,8.216,8.605,5572028.5
2022-08-09 09:00:00,8.605,8.961,8.27,8.737,7131853.9000000004
2022-08-10 09:00:00,8.737,9.299,8.28,9.051,6743334.7999999998
2022-08-11 09:00:00,9.051,9.224,8.817,8.952,4671745.9000000004
2022-08-12 09:00:00,8.952,9.525,8.777,9.32,6267120.0999999996
2022-08-13 09:00:00,9.32,9.486,9.053,9.144,3070194
2022-08-14 09:00:00,9.144,9.367,8.666,8.761,4046605.2999999998
2022-08-15 09:00:00,8.761,9.057,8.489,8.646,5186194.2999999998
2022-08-16 09:00:00,8.646,8.819,8.365,8.451,3845044.8999999999
2022-08-17 09:00:00,8.451,8.74,7.977,8.053,4298475.9000000004
2022-08-18 09:00:00,8.053,8.239,7.6,7.647,3500650.8999999999
2022-08-19 09:00:00,7.647,7.695,6.812,6.896,7941550.9000000004
2022-08-20 09:00:00,6.896,7.2,6.665,6.898,6175162.0999999996
2022-08-21 09:00:00,6.898,7.166,6.875,7.07,2943144.2999999998
2022-08-22 09:00:00,7.07,7.079,6.675,7.039,3291347.3999999999
2022-08-23 09:00:00,7.039,7.351,6.769,7.232,3137838.7999999998
2022-08-24 09:00:00,7.232,7.371,7.003,7.121,2679872.6000000001
2022-08-25 09:00:00,7.121,7.372,6.995,7.124,2362747.2000000002
2022-08-26 09:00:00,7.124,7.185,6.391,6.5,4701168.2999999998
2022-08-27 09:00:00,6.5,6.612,6.407,6.526,2785604.8999999999
2022-08-28 09:00:00,6.526,6.628,6.221,6.253,2436547
2022-08-29 09:00:00,6.253,6.728,6.191,6.695,2748834.3999999999
2022-08-30 09:00:00,6.695,6.828,6.362,6.554,3408265.2000000002
2022-08-31 09:00:00,6.554,6.894,6.541,6.622,3666470.5
2022-09-01 09:00:00,6.622,6.954,6.438,6.916,3530389.2000000002
2022-09-02 09:00:00,6.916,7.238,6.784,6.92,4712315.2000000002
2022-09-03 09:00:00,6.92,6.961,6.716,6.857,1444756.8
2022-09-04 09:00:00,6.857,7.283,6.788,7.154,4678163.0999999996
2022-09-05 09:00:00,7.154,7.434,7.086,7.366,5787838.7999999998
2022-09-06 09:00:00,7.366,7.561,6.572,6.657,4997339.7999999998
2022-09-07 09:00:00,6.657,7.145,6.574,7.078,4216648.4000000004
2022-09-08 09:00:00,7.078,7.508,6.999,7.401,4895357.4000000004
2022-09-09 09:00:00,7.401,8.108,7.385,7.74,6689560.2000000002
2022-09-10 09:00:00,7.74,8.031,7.614,7.897,3474267.3999999999
2022-09-11 09:00:00,7.897,8.176,7.728,8.025,3057608.3999999999
2022-09-12 09:00:00,8.025,8.298,7.601,7.754,5503688.5
2022-09-13 09:00:00,7.754,7.959,7.014,7.02,5839712.4000000004
2022-09-14 09:00:00,7.02,7.539,6.969,7.445,3801462.7999999998
2022-09-15 09:00:00,7.445,7.598,7.012,7.561,5678214.7999999998
2022-09-16 09:00:00,7.561,7.798,7.417,7.656,5433934.2000000002
2022-09-17 09:00:00,7.656,8.137,7.644,8.087,4280857.7999999998
2022-09-18 09:00:00,8.087,8.135,7.395,7.517,6216494.2000000002
2022-09-19 09:00:00,7.517,7.677,6.996,7.296,7639558.2999999998
2022-09-20 09:00:00,7.296,7.331,6.803,6.88,4592987.4000000004
2022-09-21 09:00:00,6.88,7.315,6.516,6.678,8083634.4000000004
2022-09-22 09:00:00,6.678,7.172,6.636,7.12,3638966
2022-09-23 09:00:00,7.12,7.505,6.956,7.439,7858987
2022-09-24 09:00:00,7.439,7.867,7.368,7.623,6474021.2999999998
2022-09-25 09:00:00,7.623,8.068,7.563,7.863,9803630.3000000007
2022-09-26 09:00:00,7.863,7.957,7.461,7.94,9844868.5
2022-09-27 09:00:00,7.94,8.394,7.64,8.051,12660808.5
2022-09-28 09:00:00,8.051,8.539,7.73,7.794,21647860.1999999993
2022-09-29 09:00:00,7.794,7.943,7.548,7.902,10113685.3000000007
2022-09-30 09:00:00,7.902,7.92,7.492,7.587,6053927.7000000002
2022-10-01 09:00:00,7.587,7.648,7.306,7.394,3731570.7999999998
2022-10-02 09:00:00,7.394,7.542,7.092,7.112,4998588.7000000002
2022-10-03 09:00:00,7.112,7.352,7.014,7.326,6066683.5
2022-10-04 09:00:00,7.326,7.824,7.321,7.715,9020641.5999999996
2022-10-05 09:00:00,7.715,7.937,7.576,7.871,7675941.5
2022-10-06 09:00:00,7.871,7.937,7.593,7.63,4710167
2022-10-07 09:00:00,7.63,7.794,7.463,7.6,5465284.9000000004
2022-10-08 09:00:00,7.6,7.656,7.331,7.454,2532123.1000000001
2022-10-09 09:00:00,7.454,7.653,7.411,7.628,2236978.1000000001
2022-10-10 09:00:00,7.628,7.732,7.318,7.328,4842362.2000000002
2022-10-11 09:00:00,7.328,7.383,7.062,7.131,4382218.4000000004
2022-10-12 09:00:00,7.131,7.271,7.082,7.143,2547730.7999999998
2022-10-13 09:00:00,7.143,7.157,6.28,7.023,9009495.0999999996
2022-10-14 09:00:00,7.023,7.248,6.791,6.887,4410015.2000000002
2022-10-15 09:00:00,6.887,6.983,6.814,6.878,1605022.2
2022-10-16 09:00:00,6.878,7.233,6.87,7.168,2761221
2022-10-17 09:00:00,7.168,7.372,7.062,7.325,3452290
2022-10-18 09:00:00,7.325,7.368,6.961,7.122,3545115.1000000001
2022-10-19 09:00:00,7.122,7.133,6.693,6.769,2954581.5
2022-10-20 09:00:00,6.769,6.914,6.601,6.655,2724859.6000000001
2022-10-21 09:00:00,6.655,6.848,6.442,6.805,3489728.2000000002
2022-10-22 09:00:00,6.805,6.929,6.722,6.864,2209570.3999999999
2022-10-23 09:00:00,6.864,7.084,6.794,7.059,2753118.7000000002
2022-10-24 09:00:00,7.059,7.083,6.787,6.904,2755231.7000000002
2022-10-25 09:00:00,6.904,7.279,6.811,7.061,5360762.2999999998
2022-10-26 09:00:00,7.061,7.289,7.026,7.155,4603016.2000000002
2022-10-27 09:00:00,7.155,7.363,6.85,6.889,4865805.5999999996
2022-10-28 09:00:00,6.889,7.197,6.822,7.106,3411239.3999999999
2022-10-29 09:00:00,7.106,7.654,7.078,7.632,5237838.2000000002
2022-10-30 09:00:00,7.632,7.929,7.48,7.777,6402080.5
2022-10-31 09:00:00,7.777,8.328,7.657,7.848,11258265.9000000004
2022-11-01 09:00:00,7.848,7.917,7.62,7.688,3853571.2999999998
2022-11-02 09:00:00,7.688,7.995,7.337,7.434,10001335.6999999993
2022-11-03 09:00:00,7.434,8.02,7.386,7.716,7613779.5999999996
2022-11-04 09:00:00,7.716,8.897,7.658,8.713,10699992.8000000007
2022-11-05 09:00:00,8.713,9.003,8.566,8.659,6412932
2022-11-06 09:00:00,8.659,8.766,8.092,8.1,5984103.2000000002
2022-11-07 09:00:00,8.1,9.247,7.889,8.955,13053142
2022-11-08 09:00:00,8.955,9.483,6.514,7.703,51005506.3999999985
2022-11-09 09:00:00,7.703,7.889,5.744,6.226,24793397.3000000007
2022-11-10 09:00:00,6.226,7.509,6.083,7.209,15640623
2022-11-11 09:00:00,7.209,7.338,6.507,7.038,8329013.7000000002
2022-11-12 09:00:00,7.038,7.059,6.182,6.288,12332315.3000000007
2022-11-13 09:00:00,6.288,6.548,5.939,6.079,5901319.0999999996
2022-11-14 09:00:00,6.079,6.438,5.693,6.288,7566916.0999999996
2022-11-15 09:00:00,6.288,6.676,6.21,6.418,6065915.2000000002
2022-11-16 09:00:00,6.418,6.56,6.068,6.182,5554652
2022-11-17 09:00:00,6.182,6.349,6.027,6.23,4854214.2000000002
2022-11-18 09:00:00,6.23,6.419,6.068,6.183,4545071.2999999998
2022-11-19 09:00:00,6.183,6.225,5.985,6.149,2781221.7999999998
2022-11-20 09:00:00,6.149,6.253,5.707,5.771,4718736.7000000002
2022-11-21 09:00:00,5.771,5.895,5.53,5.877,6796497
2022-11-22 09:00:00,5.877,6.485,5.833,6.421,10737527.5
2022-11-23 09:00:00,6.421,6.807,6.341,6.701,7405970.4000000004
2022-11-24 09:00:00,6.701,6.985,6.578,6.835,6296709.0999999996
2022-11-25 09:00:00,6.835,6.999,6.658,6.846,5885799
2022-11-26 09:00:00,6.846,7.331,6.818,7.157,10179853.6999999993
2022-11-27 09:00:00,7.157,7.285,6.861,6.903,6271878.0999999996
2022-11-28 09:00:00,6.903,7.364,6.523,7.193,15483223.5
2022-11-29 09:00:00,7.193,7.509,7.11,7.315,10821995.6999999993
2022-11-30 09:00:00,7.315,7.767,7.253,7.669,10519050.1999999993
2022-12-01 09:00:00,7.669,7.817,7.436,7.681,7732065.5
2022-12-02 09:00:00,7.681,7.724,7.481,7.608,6463613.4000000004
2022-12-03 09:00:00,7.608,7.637,7.213,7.237,3973708.2999999998
2022-12-04 09:00:00,7.237,7.463,7.18,7.441,3546798.7000000002
2022-12-05 09:00:00,7.441,7.592,7.155,7.277,5343521.4000000004
2022-12-06 09:00:00,7.277,7.337,6.951,7.133,8005860.5
2022-12-07 09:00:00,7.133,7.156,6.755,6.881,6233286.5
2022-12-08 09:00:00,6.881,7.063,6.773,6.997,3952252.2000000002
2022-12-09 09:00:00,6.997,7.052,6.791,6.861,3444612.8999999999
2022-12-10 09:00:00,6.861,6.918,6.691,6.856,2758392.2999999998
2022-12-11 09:00:00,6.856,6.963,6.613,6.697,3969126.2999999998
2022-12-12 09:00:00,6.697,6.728,6.451,6.699,4633438.4000000004
2022-12-13 09:00:00,6.699,7.042,6.464,6.926,7411657.7000000002
2022-12-14 09:00:00,6.926,6.963,6.687,6.717,5033339.0999999996
2022-12-15 09:00:00,6.717,6.732,6.384,6.454,4193691.2999999998
2022-12-16 09:00:00,6.454,6.542,5.775,5.89,8238457.2999999998
2022-12-17 09:00:00,5.89,6.061,5.788,6.026,3320211.7000000002
2022-12-18 09:00:00,6.026,6.062,5.912,5.946,2938909.5
2022-12-19 09:00:00,5.946,6.063,5.658,5.789,4916930.7000000002
2022-12-20 09:00:00,5.789,6.116,5.752,6.013,5045190.7000000002
2022-12-21 09:00:00,6.013,6.042,5.882,5.989,3809561.7999999998
2022-12-22 09:00:00,5.989,6.038,5.853,6.004,4204709.7999999998
2022-12-23 09:00:00,6.004,6.054,5.921,5.938,3473966.7000000002
2022-12-24 09:00:00,5.938,5.962,5.88,5.916,1586735.3999999999
2022-12-25 09:00:00,5.916,5.994,5.887,5.988,2248094
2022-12-26 09:00:00,5.988,6.044,5.939,6.042,2321899.6000000001
2022-12-27 09:00:00,6.042,6.065,5.838,5.905,3421719.5
2022-12-28 09:00:00,5.905,5.914,5.621,5.674,5011663.9000000004
2022-12-29 09:00:00,5.674,5.728,5.497,5.599,4522867.0999999996
2022-12-30 09:00:00,5.599,5.641,5.402,5.477,4506660.2999999998
2022-12-31 09:00:00,5.477,5.631,5.388,5.573,3227711.1000000001
2023-01-01 09:00:00,5.573,5.639,5.507,5.626,2455856
2023-01-02 09:00:00,5.626,5.76,5.544,5.691,3979540.1000000001
2023-01-03 09:00:00,5.691,5.721,5.563,5.622,5516916.5999999996
2023-01-04 09:00:00,5.622,5.855,5.611,5.809,6831771.2000000002
2023-01-05 09:00:00,5.809,5.819,5.579,5.66,4567180.2000000002
2023-01-06 09:00:00,5.66,5.733,5.513,5.711,5678771.5
2023-01-07 09:00:00,5.711,5.845,5.688,5.828,3513144.1000000001
2023-01-08 09:00:00,5.828,5.97,5.749,5.96,4821504.5999999996
2023-01-09 09:00:00,5.96,6.254,5.928,6.066,8851883.6999999993
2023-01-10 09:00:00,6.066,6.301,5.966,6.162,5752283.2000000002
2023-01-11 09:00:00,6.162,6.3,6.013,6.28,5292028.2000000002
2023-01-12 09:00:00,6.28,6.41,6.024,6.384,8336280.7000000002
2023-01-13 09:00:00,6.384,6.622,6.257,6.605,5004053
2023-01-14 09:00:00,6.605,7.119,6.443,6.86,11080244.6999999993
2023-01-15 09:00:00,6.86,6.934,6.599,6.7,4916521.9000000004
2023-01-16 09:00:00,6.7,6.955,6.414,6.672,9626119.0999999996
2023-01-17 09:00:00,6.672,7.003,6.542,6.809,8743465.1999999993
2023-01-18 09:00:00,6.809,6.989,6.235,6.338,12032812.5
2023-01-19 09:00:00,6.338,6.545,6.312,6.509,4642511.2000000002
2023-01-20 09:00:00,6.509,6.976,6.417,6.948,6777531.7000000002
2023-01-21 09:00:00,6.948,7.119,6.801,6.857,10811647.5999999996
2023-01-22 09:00:00,6.857,7.279,6.782,6.986,9220164.8000000007
2023-01-23 09:00:00,6.986,7.24,6.786,7.017,11583719.1999999993
2023-01-24 09:00:00,7.017,7.205,6.531,6.662,8491599.4000000004
2023-01-25 09:00:00,6.662,7.102,6.505,6.955,6121561.2999999998
2023-01-26 09:00:00,6.955,7.328,6.823,7.173,6847439.2000000002
2023-01-27 09:00:00,7.173,7.502,6.911,7.381,9800393.8000000007
2023-01-28 09:00:00,7.381,7.513,7.121,7.214,4883679.5999999996
2023-01-29 09:00:00,7.214,7.529,7.146,7.375,5549941.9000000004
2023-01-30 09:00:00,7.375,7.442,6.733,6.916,7559856.7000000002
2023-01-31 09:00:00,6.916,7.078,6.852,6.952,3607813.7000000002
2023-02-01 09:00:00,6.952,7.277,6.666,7.212,6029810.9000000004
2023-02-02 09:00:00,7.212,7.496,7.035,7.104,5814957.5
2023-02-03 09:00:00,7.104,7.344,7.015,7.298,3975827.3999999999
2023-02-04 09:00:00,7.298,7.37,7.131,7.244,2861791.2000000002
2023-02-05 09:00:00,7.244,7.258,6.857,6.985,4222341.2000000002
2023-02-06 09:00:00,6.985,7.06,6.763,6.826,3040341.1000000001
2023-02-07 09:00:00,6.826,7.214,6.814,7.2,4114883.1000000001
2023-02-08 09:00:00,7.2,7.307,6.955,7.134,3792956.7999999998
2023-02-09 09:00:00,7.134,7.816,6.807,6.983,24885638.1999999993
2023-02-10 09:00:00,6.983,7.12,6.775,6.89,7495937.9000000004
2023-02-11 09:00:00,6.89,7.033,6.853,7.001,2903847.3999999999
2023-02-12 09:00:00,7.001,7.086,6.653,6.807,3595227
2023-02-13 09:00:00,6.807,6.845,6.415,6.665,6297109.7999999998
2023-02-14 09:00:00,6.665,6.827,6.526,6.805,5374093.4000000004
2023-02-15 09:00:00,6.805,7.313,6.72,7.285,5258112.4000000004
2023-02-16 09:00:00,7.285,7.494,6.997,7.011,11891452.8000000007
2023-02-17 09:00:00,7.011,7.719,6.967,7.655,8551635.3000000007
2023-02-18 09:00:00,7.655,8.257,7.504,7.995,12007569.3000000007
2023-02-19 09:00:00,7.995,8.296,7.82,8.019,10860931.5
2023-02-20 09:00:00,8.019,8.409,7.716,8.017,8409669.8000000007
2023-02-21 09:00:00,8.017,8.08,7.501,7.645,7942698.4000000004
2023-02-22 09:00:00,7.645,7.736,7.301,7.718,7172065.5999999996
2023-02-23 09:00:00,7.718,8.212,7.674,7.938,11232590.0999999996
2023-02-24 09:00:00,7.938,8.15,7.214,7.465,10850261
2023-02-25 09:00:00,7.465,7.49,7.167,7.374,4667938.5
2023-02-26 09:00:00,7.374,7.54,7.296,7.495,2563531.3999999999
2023-02-27 09:00:00,7.495,7.508,7.121,7.276,5205132.0999999996
2023-02-28 09:00:00,7.276,7.422,7.094,7.193,3900959
2023-03-01 09:00:00,7.193,7.546,7.145,7.535,3672640.8999999999
2023-03-02 09:00:00,7.535,7.583,7.161,7.265,3469465.5
2023-03-03 09:00:00,7.265,7.274,6.629,6.955,6818314.9000000004
2023-03-04 09:00:00,6.955,7.007,6.708,6.854,2801379.7000000002
2023-03-05 09:00:00,6.854,7.015,6.805,6.944,2088961.2
2023-03-06 09:00:00,6.944,6.978,6.817,6.85,3007608.7000000002
2023-03-07 09:00:00,6.85,6.971,6.664,6.879,4084146.1000000001
2023-03-08 09:00:00,6.879,6.947,6.487,6.574,4877390.2000000002
2023-03-09 09:00:00,6.574,6.691,5.999,6.155,8012883.0999999996
2023-03-10 09:00:00,6.155,6.261,5.885,6.209,6065433.0999999996
2023-03-11 09:00:00,6.209,6.382,5.915,6.16,4934440.0999999996
2023-03-12 09:00:00,6.16,6.574,6.067,6.55,4540074.5
2023-03-13 09:00:00,6.55,6.883,6.394,6.759,6131843.5999999996
2023-03-14 09:00:00,6.759,7.2,6.607,6.963,8626388.4000000004
2023-03-15 09:00:00,6.963,7.112,6.385,6.544,7222095.2000000002
2023-03-16 09:00:00,6.544,6.677,6.443,6.654,3509939.2999999998
2023-03-17 09:00:00,6.654,7.256,6.597,7.208,5077944.9000000004
2023-03-18 09:00:00,7.208,7.298,6.842,6.921,5509486.7999999998
2023-03-19 09:00:00,6.921,7.283,6.917,7.079,3743075.5
2023-03-20 09:00:00,7.079,7.434,6.909,7.046,8259684.5999999996
2023-03-21 09:00:00,7.046,7.466,6.832,7.373,6601313.9000000004
2023-03-22 09:00:00,7.373,7.715,6.997,7.172,12835939.4000000004
2023-03-23 09:00:00,7.172,7.629,7.085,7.604,6014421.9000000004
2023-03-24 09:00:00,7.604,7.652,7.103,7.189,6640649.9000000004
2023-03-25 09:00:00,7.189,7.252,6.967,7.072,2883681.2000000002
2023-03-26 09:00:00,7.072,7.283,7.044,7.253,2623612.1000000001
2023-03-27 09:00:00,7.253,7.268,6.74,6.868,4809207.9000000004
2023-03-28 09:00:00,6.868,7.041,6.748,6.944,4157409.1000000001
2023-03-29 09:00:00,6.944,7.496,6.923,7.381,6271297.7999999998
2023-03-30 09:00:00,7.381,7.559,7.127,7.227,7555402.2000000002
2023-03-31 09:00:00,7.227,7.672,7.223,7.586,7815458.2000000002
2023-04-01 09:00:00,7.586,7.632,7.42,7.545,3612464.7999999998
2023-04-02 09:00:00,7.545,7.545,7.189,7.25,3726153.7000000002
2023-04-03 09:00:00,7.25,7.438,7.016,7.242,7123837.7999999998
2023-04-04 09:00:00,7.242,7.475,7.2,7.369,6115474.2000000002
2023-04-05 09:00:00,7.369,7.602,7.211,7.319,7213656.7999999998
2023-04-06 09:00:00,7.319,7.331,7.112,7.197,3772953
2023-04-07 09:00:00,7.197,7.305,7.102,7.263,2370943.1000000001
2023-04-08 09:00:00,7.263,7.294,7.075,7.126,2317370.2000000002
2023-04-09 09:00:00,7.126,7.248,7.038,7.201,2353956.2000000002
2023-04-10 09:00:00,7.201,7.364,7.125,7.341,3607843.6000000001
2023-04-11 09:00:00,7.341,7.448,7.276,7.301,3530052.3999999999
2023-04-12 09:00:00,7.301,7.367,7.094,7.227,4860377.2000000002
2023-04-13 09:00:00,7.227,7.547,7.171,7.46,4459672.2000000002
2023-04-14 09:00:00,7.46,7.912,7.459,7.749,11680836.4000000004
2023-04-15 09:00:00,7.749,8.096,7.613,8.01,8058436.5999999996
2023-04-16 09:00:00,8.01,8.209,7.886,8.145,7185742.2000000002
2023-04-17 09:00:00,8.145,8.315,7.855,8.165,15187574.5999999996
2023-04-18 09:00:00,8.165,8.803,8.029,8.582,16831476.3000000007
2023-04-19 09:00:00,8.582,8.61,7.622,7.752,15553073.1999999993
2023-04-20 09:00:00,7.752,7.967,7.459,7.513,8652697.1999999993
2023-04-21 09:00:00,7.513,7.606,6.965,7.109,7837261.4000000004
2023-04-22 09:00:00,7.109,7.239,7.076,7.172,2953809.8999999999
2023-04-23 09:00:00,7.172,7.172,6.864,7.078,4603183.2999999998
2023-04-24 09:00:00,7.078,7.266,6.992,7.065,5153591.2000000002
2023-04-25 09:00:00,7.065,7.295,6.946,7.273,4626298.2999999998
2023-04-26 09:00:00,7.273,7.498,6.693,7,11712601.4000000004
2023-04-27 09:00:00,7,7.23,6.974,7.169,6319991.5
2023-04-28 09:00:00,7.169,7.186,6.942,7.037,3501977
2023-04-29 09:00:00,7.037,7.216,6.993,7.184,2818917.1000000001
2023-04-30 09:00:00,7.184,7.304,7.008,7.021,4307711.4000000004
2023-05-01 09:00:00,7.021,7.082,6.789,6.895,5843660.7000000002
2023-05-02 09:00:00,6.895,7.008,6.796,6.982,2882580.8999999999
2023-05-03 09:00:00,6.982,7.147,6.816,7.125,5666835
2023-05-04 09:00:00,7.125,7.158,6.956,6.993,2116895.5
2023-05-05 09:00:00,6.993,7.273,6.852,7.222,5012609.2000000002
2023-05-06 09:00:00,7.222,7.276,6.863,6.919,3716969.1000000001
2023-05-07 09:00:00,6.919,6.985,6.853,6.905,2490254.2000000002
2023-05-08 09:00:00,6.905,6.909,6.369,6.579,8214801.2000000002
2023-05-09 09:00:00,6.579,6.629,6.449,6.516,1989905.6000000001
2023-05-10 09:00:00,6.516,6.691,6.284,6.585,6554438.5
2023-05-11 09:00:00,6.585,6.587,6.203,6.357,5424136.0999999996
2023-05-12 09:00:00,6.357,6.635,6.22,6.619,5658502.5999999996
2023-05-13 09:00:00,6.619,6.63,6.472,6.487,1301700.8999999999
2023-05-14 09:00:00,6.487,6.609,6.434,6.543,1416522.5
2023-05-15 09:00:00,6.543,6.706,6.447,6.632,3078240.2999999998
2023-05-16 09:00:00,6.632,6.723,6.546,6.656,3655668.6000000001
2023-05-17 09:00:00,6.656,6.802,6.548,6.752,3839648.1000000001
2023-05-18 09:00:00,6.752,6.762,6.426,6.525,3773270.1000000001
2023-05-19 09:00:00,6.525,6.554,6.45,6.506,1875556.3
2023-05-20 09:00:00,6.506,6.542,6.466,6.499,841612.1
2023-05-21 09:00:00,6.499,6.541,6.35,6.427,1892518.1000000001
2023-05-22 09:00:00,6.427,6.604,6.329,6.53,3277663.6000000001
2023-05-23 09:00:00,6.53,6.632,6.473,6.505,2667432.6000000001
2023-05-24 09:00:00,6.505,6.508,6.201,6.316,5189786.4000000004
2023-05-25 09:00:00,6.316,6.344,6.158,6.275,2842018.6000000001
2023-05-26 09:00:00,6.275,6.383,6.233,6.343,2238166.5
2023-05-27 09:00:00,6.343,6.438,6.321,6.435,1437841.8999999999
2023-05-28 09:00:00,6.435,6.659,6.416,6.631,2416908.1000000001
2023-05-29 09:00:00,6.631,6.678,6.526,6.64,2315145.7999999998
2023-05-30 09:00:00,6.64,6.672,6.534,6.611,2042514.2
2023-05-31 09:00:00,6.611,6.635,6.391,6.477,2853381.7999999998
2023-06-01 09:00:00,6.477,6.509,6.313,6.343,2333625.1000000001
2023-06-02 09:00:00,6.343,6.478,6.3,6.447,2511231.8999999999
2023-06-03 09:00:00,6.447,6.455,6.359,6.42,1116668.3
2023-06-04 09:00:00,6.42,6.529,6.393,6.45,1990935.6000000001
2023-06-05 09:00:00,6.45,6.491,5.953,6.052,7036657.7999999998
2023-06-06 09:00:00,6.052,6.31,6.002,6.256,3386402.7000000002
2023-06-07 09:00:00,6.256,6.27,5.826,5.916,3703533.6000000001
2023-06-08 09:00:00,5.916,6.034,5.88,5.991,2212325.2
2023-06-09 09:00:00,5.991,6.08,5.916,5.992,2217652.9
2023-06-10 09:00:00,5.992,6.007,4.667,5.231,13226803.9
2023-06-11 09:00:00,5.231,5.25,5.082,5.172,3097643.4
2023-06-12 09:00:00,5.172,5.198,4.995,5.155,3777731.2
2023-06-13 09:00:00,5.155,5.41,5.107,5.295,4894085.2
2023-06-14 09:00:00,5.295,5.503,5.14,5.245,8663537.8
2023-06-15 09:00:00,5.245,5.424,5.158,5.31,5406702
2023-06-16 09:00:00,5.31,5.395,5.117,5.322,3927963
2023-06-17 09:00:00,5.322,5.394,5.22,5.278,3552662.5
2023-06-18 09:00:00,5.278,5.299,5.082,5.154,4020867.3
2023-06-19 09:00:00,5.154,5.192,4.988,5.132,5622849.1
2023-06-20 09:00:00,5.132,5.28,4.993,5.266,5014404.7
2023-06-21 09:00:00,5.266,5.587,5.243,5.554,5877490.1
2023-06-22 09:00:00,5.554,5.822,5.503,5.556,7094776.1
2023-06-23 09:00:00,5.556,6.155,5.547,6.069,11476814.7
2023-06-24 09:00:00,6.069,6.196,5.913,6.132,5455263.8
2023-06-25 09:00:00,6.132,6.375,6.054,6.153,5571279.7
2023-06-26 09:00:00,6.153,6.26,6.002,6.055,6496358.4
2023-06-27 09:00:00,6.055,6.253,6.043,6.195,4689617.3
2023-06-28 09:00:00,6.195,6.203,5.692,5.811,7766280.2
2023-06-29 09:00:00,5.811,6.183,5.783,5.89,5062803
2023-06-30 09:00:00,5.89,6.45,5.706,6.311,15369488.4
2023-07-01 09:00:00,6.311,6.524,6.116,6.5,5217637.9
2023-07-02 09:00:00,6.5,6.562,6.331,6.538,7850038.8
2023-07-03 09:00:00,6.538,6.694,6.465,6.626,5274450.5
2023-07-04 09:00:00,6.626,6.629,6.388,6.522,4123946.4
2023-07-05 09:00:00,6.522,6.568,6.204,6.297,6130664.2
2023-07-06 09:00:00,6.297,6.506,6.073,6.074,6886299.1
2023-07-07 09:00:00,6.074,6.222,6.008,6.155,3666986.6
2023-07-08 09:00:00,6.155,6.22,6.088,6.194,2338659.1
2023-07-09 09:00:00,6.194,6.239,6.119,6.146,1870568.7
2023-07-10 09:00:00,6.146,6.3,6.017,6.165,4958008.1
2023-07-11 09:00:00,6.165,6.232,6.118,6.202,2330940.8
2023-07-12 09:00:00,6.202,6.342,6.189,6.247,3930346.6
2023-07-13 09:00:00,6.247,7.172,6.208,7.126,11379745.5
2023-07-14 09:00:00,7.126,7.347,6.684,6.956,11968341.5
2023-07-15 09:00:00,6.956,7.022,6.829,6.915,3240893.5
2023-07-16 09:00:00,6.915,6.916,6.559,6.602,4049589.6
2023-07-17 09:00:00,6.602,7.262,6.435,7.186,12492116.6
2023-07-18 09:00:00,7.186,7.301,6.785,6.912,11364379.8
2023-07-19 09:00:00,6.912,7.047,6.773,6.913,5982854.5
2023-07-20 09:00:00,6.913,8.482,6.88,8.354,64280325.8
2023-07-21 09:00:00,8.354,8.446,8.031,8.127,26267727.4
2023-07-22 09:00:00,8.127,8.38,7.736,7.878,20036713.4
2023-07-23 09:00:00,7.878,8.098,7.814,7.887,7968531.8
2023-07-24 09:00:00,7.887,7.887,7.42,7.582,12291609.9
2023-07-25 09:00:00,7.582,7.642,7.333,7.389,6549583.5
2023-07-26 09:00:00,7.389,7.835,7.269,7.736,11648690.1
2023-07-27 09:00:00,7.736,8.137,7.679,7.986,12553301
2023-07-28 09:00:00,7.986,8.089,7.756,7.769,8228212.9
2023-07-29 09:00:00,7.769,7.89,7.722,7.839,4198828.4
2023-07-30 09:00:00,7.839,7.86,7.354,7.55,9121442
2023-07-31 09:00:00,7.55,7.713,7.431,7.545,5787145.9
2023-08-01 09:00:00,7.545,7.644,7.252,7.636,8946315.6
2023-08-02 09:00:00,7.636,7.713,7.326,7.348,7744510.3
2023-08-03 09:00:00,7.348,7.407,7.064,7.121,6818972.6
2023-08-04 09:00:00,7.121,7.261,7.006,7.139,6957541.1
2023-08-05 09:00:00,7.139,7.242,7.097,7.226,3203413.3
2023-08-06 09:00:00,7.226,7.269,7.072,7.099,2613463
2023-08-07 09:00:00,7.099,7.397,6.936,7.327,7629021
2023-08-08 09:00:00,7.327,7.532,7.288,7.455,8347830.8
2023-08-09 09:00:00,7.455,7.912,7.375,7.677,11058955.5
2023-08-10 09:00:00,7.677,7.739,7.554,7.614,7154966.4
2023-08-11 09:00:00,7.614,7.641,7.405,7.49,3817397.9
2023-08-12 09:00:00,7.49,7.536,7.377,7.44,3003440.6
2023-08-13 09:00:00,7.44,7.554,7.311,7.365,3697046
2023-08-14 09:00:00,7.365,7.633,7.305,7.41,7432494.8
2023-08-15 09:00:00,7.41,7.429,6.736,7.039,13107475.6
2023-08-16 09:00:00,7.039,7.068,6.59,6.76,11461042.8
2023-08-17 09:00:00,6.76,6.866,5.521,6.184,17249843.9
2023-08-18 09:00:00,6.184,6.28,6.063,6.17,6582454
2023-08-19 09:00:00,6.17,6.26,6.109,6.175,2613140.7
2023-08-20 09:00:00,6.175,6.23,6.113,6.212,2132344.2
2023-08-21 09:00:00,6.212,6.254,5.988,6.173,5032053.7
2023-08-22 09:00:00,6.173,6.253,5.855,6.107,6671316.8
2023-08-23 09:00:00,6.107,6.43,6.099,6.347,6218717.9
2023-08-24 09:00:00,6.347,6.365,5.976,6.08,4508303.7
2023-08-25 09:00:00,6.08,6.08,5.905,6.01,4962615.2
2023-08-26 09:00:00,6.01,6.04,5.95,6.003,2134893.1
2023-08-27 09:00:00,6.003,6.04,5.951,6.025,1455447.9
2023-08-28 09:00:00,6.025,6.047,5.837,5.977,5718000.1
2023-08-29 09:00:00,5.977,6.317,5.836,6.19,11097886.7
2023-08-30 09:00:00,6.19,6.197,5.874,5.923,5228687.5
2023-08-31 09:00:00,5.923,6.058,5.721,5.874,8106813.9
2023-09-01 09:00:00,5.874,6.028,5.807,5.934,6110236.5
2023-09-02 09:00:00,5.934,5.996,5.883,5.966,1842961.8
2023-09-03 09:00:00,5.966,6.06,5.944,6.023,2774578.1
2023-09-04 09:00:00,6.023,6.161,5.938,6.01,4288598.8
2023-09-05 09:00:00,6.01,6.149,5.902,6.133,4197281.7
2023-09-06 09:00:00,6.133,6.348,6.089,6.297,7541458.7
2023-09-07 09:00:00,6.297,6.464,6.197,6.382,5730567.1
2023-09-08 09:00:00,6.382,6.399,6.139,6.274,3381741.8
2023-09-09 09:00:00,6.274,6.29,6.153,6.161,1651713
2023-09-10 09:00:00,6.161,6.161,5.939,6.01,4504670.3
2023-09-11 09:00:00,6.01,6.033,5.731,5.826,7591874
2023-09-12 09:00:00,5.826,6.076,5.804,5.952,5959656
2023-09-13 09:00:00,5.952,6.091,5.922,6.014,4521118.9
2023-09-14 09:00:00,6.014,6.211,6.003,6.152,4473305.5
2023-09-15 09:00:00,6.152,6.373,6.095,6.36,3613556.3
2023-09-16 09:00:00,6.36,6.419,6.181,6.275,2934763.4
2023-09-17 09:00:00,6.275,6.276,6.045,6.142,3153981.4
2023-09-18 09:00:00,6.142,6.837,6.091,6.56,20349628.9
2023-09-19 09:00:00,6.56,6.966,6.514,6.841,11096837.2
2023-09-20 09:00:00,6.841,7.04,6.736,6.899,9738124.9
2023-09-21 09:00:00,6.899,6.941,6.601,6.66,7129929
2023-09-22 09:00:00,6.66,6.967,6.588,6.953,5572833.7
2023-09-23 09:00:00,6.953,7.223,6.914,7.181,9985370.2
2023-09-24 09:00:00,7.181,7.244,6.944,6.969,8042027
2023-09-25 09:00:00,6.969,7.509,6.903,7.485,13245106.5
2023-09-26 09:00:00,7.485,7.573,7.243,7.353,11177081.3
2023-09-27 09:00:00,7.353,7.876,7.265,7.639,19490015.2
2023-09-28 09:00:00,7.639,8.082,7.568,7.802,18076001.1
2023-09-29 09:00:00,7.802,8.078,7.666,7.943,10573789.8
2023-09-30 09:00:00,7.943,8.262,7.933,8.185,13530566.8
2023-10-01 09:00:00,8.185,8.269,7.774,8.048,17656649.8
2023-10-02 09:00:00,8.048,8.099,7.347,7.463,22421976.2
2023-10-03 09:00:00,7.463,7.739,7.36,7.404,16186197.3
2023-10-04 09:00:00,7.404,7.782,7.182,7.666,17251335.5
2023-10-05 09:00:00,7.666,7.788,7.446,7.462,10850948.1
2023-10-06 09:00:00,7.462,7.75,7.425,7.634,7080008
2023-10-07 09:00:00,7.634,7.678,7.467,7.523,4767504.3
2023-10-08 09:00:00,7.523,7.945,7.498,7.669,9795434.7
2023-10-09 09:00:00,7.669,7.693,7.127,7.272,12068148.3
2023-10-10 09:00:00,7.272,7.388,7.165,7.258,7805234.8
2023-10-11 09:00:00,7.258,7.429,7.09,7.387,8689937.1
2023-10-12 09:00:00,7.387,7.411,7.109,7.192,8337298.7
2023-10-13 09:00:00,7.192,7.4,7.109,7.251,8608695.1
2023-10-14 09:00:00,7.251,7.369,7.194,7.323,3269112.4
2023-10-15 09:00:00,7.323,7.565,7.277,7.417,7214398.9
2023-10-16 09:00:00,7.417,7.836,7.404,7.52,12573241
2023-10-17 09:00:00,7.52,7.554,7.251,7.316,7121784.3
2023-10-18 09:00:00,7.316,7.473,7.275,7.352,6355705.9
2023-10-19 09:00:00,7.352,7.433,7.201,7.301,5957645.4
2023-10-20 09:00:00,7.301,7.708,7.257,7.567,8192027.4
2023-10-21 09:00:00,7.567,9.164,7.515,8.909,40524322.6
2023-10-22 09:00:00,8.909,10.231,8.835,10.18,60983661.7
2023-10-23 09:00:00,10.18,11.094,9.788,10.58,64503877.2
2023-10-24 09:00:00,10.58,11.163,9.622,10.378,42005109.6
2023-10-25 09:00:00,10.378,11.8,10.344,11.066,43988538.2
2023-10-26 09:00:00,11.066,11.409,10.36,10.936,30279347.7
2023-10-27 09:00:00,10.936,11.455,10.608,11.183,31056103.7
2023-10-28 09:00:00,11.183,11.683,10.813,10.924,18706552
2023-10-29 09:00:00,10.924,11.317,10.746,11.084,13628420.9
2023-10-30 09:00:00,11.084,11.883,10.891,11.23,21803114
2023-10-31 09:00:00,11.23,12.039,10.902,11.362,25567815
2023-11-01 09:00:00,11.362,11.8,10.653,11.656,24760601.4
2023-11-02 09:00:00,11.656,11.762,10.804,11.018,17130336.8
2023-11-03 09:00:00,11.018,11.611,10.494,11.475,14542344.8
2023-11-04 09:00:00,11.475,11.644,11.147,11.511,6871778.1
2023-11-05 09:00:00,11.511,12.586,11.372,12.245,19212246.8
2023-11-06 09:00:00,12.245,13.287,12.122,13.001,21789323.2
2023-11-07 09:00:00,13.001,13.36,12.531,13.052,22135848.2
2023-11-08 09:00:00,13.052,15.004,12.791,14.93,23931039.2
2023-11-09 09:00:00,14.93,16,13.35,14.615,32487231
2023-11-10 09:00:00,14.615,15.667,14.125,15.52,20797326.8
2023-11-11 09:00:00,15.52,16.708,14.693,16.482,21349330.9
2023-11-12 09:00:00,16.482,16.569,15.342,16.035,14261428.1
2023-11-13 09:00:00,16.035,16.316,14.312,14.368,17081071
2023-11-14 09:00:00,14.368,14.929,13.309,13.96,22998655
2023-11-15 09:00:00,13.96,15.412,13.938,15.045,15556197.1
2023-11-16 09:00:00,15.045,15.251,13.54,13.87,17234331.4
2023-11-17 09:00:00,13.87,14.283,12.852,13.709,14270647.7
2023-11-18 09:00:00,13.709,13.821,12.925,13.757,7714538.9
2023-11-19 09:00:00,13.757,15.067,13.37,14.916,10344634.9
2023-11-20 09:00:00,14.916,15.414,14.377,14.487,13431654.1
2023-11-21 09:00:00,14.487,14.677,13.274,13.371,15405775.1
2023-11-22 09:00:00,13.371,14.632,13.209,14.216,10588736
2023-11-23 09:00:00,14.216,14.893,14.105,14.399,7995184.4
2023-11-24 09:00:00,14.399,14.874,14.22,14.493,6702012.1
2023-11-25 09:00:00,14.493,14.99,14.383,14.772,6009244.3
2023-11-26 09:00:00,14.772,15.35,14.285,14.761,9090079.8
2023-11-27 09:00:00,14.761,15.313,13.874,14.189,9560089.8
2023-11-28 09:00:00,14.189,14.726,13.774,14.537,7073656.6
2023-11-29 09:00:00,14.537,14.998,14.366,14.519,7194523.5
2023-11-30 09:00:00,14.519,14.841,14.248,14.414,6296689.9
2023-12-01 09:00:00,14.414,15.068,14.273,14.998,6555403.6
2023-12-02 09:00:00,14.998,16.223,14.925,16.011,11509176.2
2023-12-03 09:00:00,16.011,16.311,15.65,15.721,8629196.9
2023-12-04 09:00:00,15.721,16.442,15.014,15.835,13981826.5
2023-12-05 09:00:00,15.835,16.114,15.175,15.739,11534123.3
2023-12-06 09:00:00,15.739,16.192,15.237,15.269,11210901.1
2023-12-07 09:00:00,15.269,15.838,14.667,15.715,13482387.7
2023-12-08 09:00:00,15.715,17.367,15.574,16.947,17339395.7
2023-12-09 09:00:00,16.947,17.335,16.031,16.21,12248936.3
2023-12-10 09:00:00,16.21,16.479,15.787,16.39,6506571.2
2023-12-11 09:00:00,16.39,16.485,13.608,14.782,18889379.5
2023-12-12 09:00:00,14.782,15.157,14.153,14.537,10556344.9
2023-12-13 09:00:00,14.537,14.6,13.824,14.251,6725543.9
